id,first_name,last_name,email,gender,ip_address
1,Berty,Carslaw,bcarslaw0@ifeng.com,Male,158.232.141.101
2,Vergil,McCoveney,vmccoveney1@buzzfeed.com,Male,79.186.15.123
3,Bennie,Serjent,bserjent2@eventbrite.com,Male,3.168.170.199
4,Frederic,Gaitung,fgaitung3@discovery.com,Male,178.224.11.232
5,Guthrie,Wellbeloved,gwellbeloved4@sfgate.com,Male,115.12.71.84
6,Myer,Rowlinson,mrowlinson5@youku.com,Male,183.197.89.123
7,Katheryn,Dunnan,kdunnan6@netscape.com,Female,173.11.83.254
8,Galen,Snepp,gsnepp7@biglobe.ne.jp,Male,165.82.120.69
9,Tann,Lorraway,tlorraway8@omniture.com,Male,72.177.221.77
10,Esta,Jurisic,ejurisic9@macromedia.com,Non-binary,225.24.82.114
11,Parry,Steele,psteelea@telegraph.co.uk,Male,72.231.17.100
12,Ailee,Coulsen,acoulsenb@linkedin.com,Female,129.125.144.13
13,Charmian,Boschmann,cboschmannc@slate.com,Female,207.74.244.183
14,Montague,Kitchenman,mkitchenmand@cnbc.com,Male,169.186.136.142
15,Mead,Mercik,mmercike@pinterest.com,Non-binary,49.246.15.166
16,Waverley,Becaris,wbecarisf@mlb.com,Genderfluid,24.190.80.164
17,Rica,Kleinbaum,rkleinbaumg@berkeley.edu,Female,110.57.249.27
18,Nappy,Nevins,nnevinsh@pinterest.com,Male,18.93.61.49
19,Karim,Guerner,kguerneri@cbsnews.com,Male,102.230.5.195
20,Roz,Mongan,rmonganj@shutterfly.com,Female,247.17.6.52
21,Chery,Henrique,chenriquek@indiatimes.com,Female,113.231.47.105
22,Tonia,Messer,tmesserl@ox.ac.uk,Female,187.251.158.145
23,Winn,Joire,wjoirem@youtube.com,Male,20.88.147.234
24,Dale,Nehl,dnehln@businesswire.com,Female,224.32.174.213
25,Rodrique,Surr,rsurro@about.com,Male,85.245.190.156
26,Aubrey,Kernoghan,akernoghanp@lycos.com,Male,74.154.8.250
27,Jaime,Flewan,jflewanq@spotify.com,Polygender,201.49.129.102
28,Kaycee,Brabbs,kbrabbsr@technorati.com,Female,246.153.195.41
29,Martin,Veighey,mveigheys@hugedomains.com,Polygender,171.64.183.94
30,Corene,Fiander,cfiandert@360.cn,Female,242.119.81.159
31,Eugen,Playfair,eplayfairu@google.ca,Male,193.203.219.11
32,Florentia,Paine,fpainev@cdbaby.com,Female,247.217.171.81
33,Shellysheldon,Bemand,sbemandw@myspace.com,Male,198.201.111.227
34,Janelle,Brigstock,jbrigstockx@pagesperso-orange.fr,Female,92.161.57.165
35,Sindee,Longwood,slongwoody@hud.gov,Female,81.176.98.129
36,Junie,Pfleger,jpflegerz@elpais.com,Female,253.152.253.131
37,Artus,Phethean,aphethean10@netvibes.com,Male,57.161.176.119
38,Richmound,Bernardeschi,rbernardeschi11@behance.net,Male,159.64.167.149
39,Penelope,Ruter,pruter12@weebly.com,Female,85.232.120.113
40,Sal,Brierley,sbrierley13@netscape.com,Male,224.126.252.171
41,Margarethe,Fosdyke,mfosdyke14@printfriendly.com,Female,124.237.33.93
42,Pierette,Crowthe,pcrowthe15@businesswire.com,Female,76.133.216.64
43,Graehme,Quinlan,gquinlan16@businessweek.com,Agender,123.48.190.50
44,Moshe,Goodboddy,mgoodboddy17@sphinn.com,Non-binary,98.44.101.90
45,Barbie,Paradise,bparadise18@prlog.org,Female,239.76.190.29
46,Aguistin,Caveill,acaveill19@slate.com,Male,110.12.53.101
47,Adelbert,Kempstone,akempstone1a@multiply.com,Male,158.21.170.42
48,Lonnie,Montrose,lmontrose1b@craigslist.org,Female,121.65.181.51
49,Tawsha,Lerer,tlerer1c@google.nl,Female,57.233.189.154
50,Greta,Casaroli,gcasaroli1d@booking.com,Female,234.176.135.88
51,Angeli,MacDuffie,amacduffie1e@prlog.org,Male,118.116.15.128
52,Jehu,Eates,jeates1f@dion.ne.jp,Male,108.84.155.177
53,Barrett,Argent,bargent1g@edublogs.org,Non-binary,120.39.154.42
54,Hughie,Zanini,hzanini1h@patch.com,Male,65.146.79.134
55,Lynde,Gare,lgare1i@businessweek.com,Female,217.162.3.137
56,Arlee,Winslet,awinslet1j@forbes.com,Female,128.175.126.55
57,Burt,Bruins,bbruins1k@godaddy.com,Male,166.26.25.1
58,Estelle,Bart,ebart1l@technorati.com,Female,192.214.7.27
59,Paulie,Cowsby,pcowsby1m@blogger.com,Male,199.126.167.150
60,Inigo,Dumigan,idumigan1n@miibeian.gov.cn,Male,77.69.35.152
61,Aurthur,Jery,ajery1o@jigsy.com,Male,204.4.177.240
62,Sigvard,Varga,svarga1p@people.com.cn,Male,229.220.247.171
63,Ad,Gerram,agerram1q@myspace.com,Male,20.190.195.172
64,Hilliary,Toplin,htoplin1r@who.int,Female,198.55.128.132
65,Boycie,Northage,bnorthage1s@blogger.com,Male,105.231.142.29
66,Raimund,McCudden,rmccudden1t@ed.gov,Male,168.43.99.88
67,Corena,Law,claw1u@csmonitor.com,Female,43.103.46.224
68,Faythe,Carnson,fcarnson1v@hc360.com,Female,242.33.20.35
69,Daron,Ruthen,druthen1w@opera.com,Male,85.42.124.98
70,Tatiania,Matzkaitis,tmatzkaitis1x@de.vu,Female,32.96.175.3
71,Stepha,Greenfield,sgreenfield1y@yellowbook.com,Female,154.104.163.125
72,Gratia,Handscombe,ghandscombe1z@hubpages.com,Female,180.166.160.50
73,Anders,Iscowitz,aiscowitz20@multiply.com,Male,167.127.135.236
74,Mariquilla,Darben,mdarben21@omniture.com,Female,41.250.123.101
75,Ansel,Stoate,astoate22@nih.gov,Male,176.243.27.194
76,Sharai,Dictus,sdictus23@github.com,Female,6.163.107.195
77,Wadsworth,Baudasso,wbaudasso24@cocolog-nifty.com,Male,26.71.30.218
78,Gwendolyn,Aspling,gaspling25@barnesandnoble.com,Female,168.217.78.243
79,Eden,Birtwisle,ebirtwisle26@engadget.com,Female,76.130.184.252
80,Ambur,Pakenham,apakenham27@tmall.com,Polygender,123.222.182.5
81,Kissee,Singleton,ksingleton28@over-blog.com,Female,124.40.62.91
82,Tildi,Pendred,tpendred29@wikia.com,Female,253.92.238.174
83,Humbert,Dulin,hdulin2a@nba.com,Male,17.229.82.217
84,Courtnay,Rounsivall,crounsivall2b@lulu.com,Male,53.66.153.249
85,Sacha,Blackstone,sblackstone2c@tuttocitta.it,Female,74.236.13.171
86,Conny,O'Shields,coshields2d@booking.com,Female,235.110.156.96
87,Selig,Sindall,ssindall2e@yahoo.com,Non-binary,226.50.97.225
88,Ario,Coppen,acoppen2f@biglobe.ne.jp,Agender,196.60.200.139
89,Stacia,Rumbelow,srumbelow2g@dot.gov,Female,133.215.114.155
90,Monte,Aulds,maulds2h@shutterfly.com,Male,196.150.87.97
91,Marquita,Loblie,mloblie2i@npr.org,Female,229.161.36.13
92,Curtis,De Lasci,cdelasci2j@boston.com,Male,215.181.165.123
93,Jeremiah,Pechan,jpechan2k@marketwatch.com,Male,87.60.172.190
94,Bibby,Sebyer,bsebyer2l@shop-pro.jp,Female,94.146.206.7
95,Samaria,Brandt,sbrandt2m@infoseek.co.jp,Polygender,96.83.32.189
96,Theadora,Fazakerley,tfazakerley2n@spiegel.de,Female,162.4.31.73
97,Theobald,Attenborough,tattenborough2o@pbs.org,Male,60.184.13.210
98,Zedekiah,Core,zcore2p@opera.com,Genderfluid,98.85.152.4
99,Kareem,Liggett,kliggett2q@hubpages.com,Male,60.19.33.227
100,Faina,Flaubert,fflaubert2r@pinterest.com,Female,156.228.94.173
101,Teodorico,Howerd,thowerd2s@nationalgeographic.com,Male,221.76.51.25
102,Ive,Middlemass,imiddlemass2t@shutterfly.com,Male,43.2.231.77
103,Hilde,Gini,hgini2u@tamu.edu,Female,171.192.76.211
104,Ludvig,Balding,lbalding2v@technorati.com,Male,50.5.178.135
105,Saxe,Mullen,smullen2w@photobucket.com,Male,211.95.43.115
106,Maighdiln,Gorry,mgorry2x@livejournal.com,Female,28.245.253.113
107,Joya,Midson,jmidson2y@pbs.org,Female,86.106.4.248
108,Von,O' Reagan,voreagan2z@posterous.com,Male,27.60.60.169
109,Veriee,Grigoriscu,vgrigoriscu30@army.mil,Non-binary,143.187.210.183
110,Kaycee,Schwand,kschwand31@qq.com,Female,253.98.155.178
111,Susan,Papps,spapps32@amazon.co.jp,Female,200.192.7.28
112,Kizzie,Place,kplace33@businessweek.com,Non-binary,163.219.110.223
113,Drusi,Andrysiak,dandrysiak34@narod.ru,Female,207.179.156.158
114,Tobye,Wrenn,twrenn35@kickstarter.com,Female,220.54.104.10
115,Bert,McGillacoell,bmcgillacoell36@irs.gov,Non-binary,112.88.18.230
116,Pen,Mc Comb,pmccomb37@tripadvisor.com,Female,44.203.44.216
117,Harwell,Gullis,hgullis38@imageshack.us,Male,52.149.7.155
118,Ellyn,Hadlington,ehadlington39@cisco.com,Female,111.162.230.195
119,Rob,Glazier,rglazier3a@phpbb.com,Male,215.147.78.230
120,Jerrold,Duckels,jduckels3b@shutterfly.com,Male,58.70.242.127
121,Waneta,Celes,wceles3c@hexun.com,Female,254.108.217.232
122,Cyrus,Capes,ccapes3d@icio.us,Polygender,166.88.170.240
123,Kali,Fifield,kfifield3e@mlb.com,Female,205.177.35.49
124,Ethelyn,Kinrade,ekinrade3f@java.com,Female,168.144.109.221
125,Marielle,Kitcherside,mkitcherside3g@boston.com,Female,53.168.8.156
126,Alexandr,Buncher,abuncher3h@angelfire.com,Male,199.6.47.169
127,Corney,Peppin,cpeppin3i@engadget.com,Male,210.137.20.68
128,Deanna,Taylder,dtaylder3j@i2i.jp,Female,203.210.228.149
129,Joline,Popland,jpopland3k@dmoz.org,Female,165.116.71.37
130,Casper,Scarlett,cscarlett3l@reverbnation.com,Male,247.120.2.43
131,Teddie,Worcs,tworcs3m@google.com.au,Male,152.104.23.162
132,Lezley,Tassaker,ltassaker3n@unblog.fr,Male,147.186.64.55
133,Berkley,Itzakovitz,bitzakovitz3o@freewebs.com,Male,119.50.118.48
134,Katie,Gilhouley,kgilhouley3p@shop-pro.jp,Female,240.201.151.175
135,Letti,Barthram,lbarthram3q@yellowpages.com,Female,73.103.249.120
136,Wood,Pipes,wpipes3r@eepurl.com,Male,236.52.73.24
137,Jerrome,Avory,javory3s@fc2.com,Male,164.161.77.73
138,Freeland,Jellyman,fjellyman3t@com.com,Male,56.161.11.91
139,Timi,Vispo,tvispo3u@mapy.cz,Female,18.118.38.185
140,Addi,Doctor,adoctor3v@wp.com,Female,30.189.218.185
141,Fina,Grigoriscu,fgrigoriscu3w@taobao.com,Female,64.254.194.223
142,Nona,Kerton,nkerton3x@mac.com,Female,243.229.220.139
143,Krystyna,Lovatt,klovatt3y@tripadvisor.com,Female,23.45.89.42
144,Reidar,Frankowski,rfrankowski3z@shinystat.com,Male,71.85.147.32
145,Jessamyn,Ranns,jranns40@dell.com,Female,247.55.227.223
146,Renell,Drinan,rdrinan41@cnn.com,Female,156.245.252.247
147,Tuck,St. Pierre,tstpierre42@cargocollective.com,Male,252.155.29.233
148,Orly,Storrier,ostorrier43@epa.gov,Female,152.150.182.131
149,Benton,Dumphrey,bdumphrey44@typepad.com,Male,21.133.198.72
150,Boy,Sidwell,bsidwell45@state.tx.us,Male,23.42.165.210
151,Maynard,Langtree,mlangtree46@cocolog-nifty.com,Male,134.161.226.124
152,Corabella,Renish,crenish47@istockphoto.com,Female,207.9.118.238
153,Pail,Matonin,pmatonin48@diigo.com,Male,85.160.44.44
154,Rance,Feakins,rfeakins49@soup.io,Male,8.53.180.255
155,Chico,Tuerena,ctuerena4a@pen.io,Male,237.13.244.225
156,Selestina,Aim,saim4b@livejournal.com,Female,241.88.6.174
157,Rasia,Jillions,rjillions4c@topsy.com,Female,86.103.240.171
158,Art,Frediani,afrediani4d@pcworld.com,Male,97.124.170.112
159,Abramo,Lamort,alamort4e@list-manage.com,Male,116.201.12.173
160,Bruis,Hocking,bhocking4f@dropbox.com,Male,4.245.136.178
161,Genevieve,Balogun,gbalogun4g@gizmodo.com,Female,51.62.159.129
162,Wendell,Rawle,wrawle4h@ucsd.edu,Male,22.200.72.224
163,Zea,Jados,zjados4i@youku.com,Female,170.205.117.84
164,Ty,Christal,tchristal4j@aboutads.info,Male,235.255.102.215
165,Jarrett,Ikringill,jikringill4k@jugem.jp,Male,241.231.214.94
166,Josepha,Janku,jjanku4l@yahoo.com,Female,22.101.8.135
167,Vernen,Tulleth,vtulleth4m@google.com,Male,86.164.232.166
168,Adrian,Kulver,akulver4n@jiathis.com,Male,148.216.220.40
169,Merell,Cridlin,mcridlin4o@cdbaby.com,Male,186.157.112.240
170,Jewell,Wescott,jwescott4p@wikipedia.org,Female,1.255.146.131
171,Arni,Tellett,atellett4q@istockphoto.com,Bigender,106.237.180.249
172,Tedi,Grinvalds,tgrinvalds4r@kickstarter.com,Female,73.140.255.75
173,Gabriele,Pomphrey,gpomphrey4s@cnbc.com,Male,52.199.57.48
174,Ky,Ricket,kricket4t@zdnet.com,Male,101.228.168.69
175,Pinchas,Weaben,pweaben4u@ezinearticles.com,Male,39.34.210.50
176,Rodd,Kondratenya,rkondratenya4v@mozilla.com,Male,186.102.172.54
177,Isahella,Zamora,izamora4w@paginegialle.it,Female,10.115.80.104
178,Thorin,De Bruyne,tdebruyne4x@statcounter.com,Genderqueer,106.30.244.22
179,Laure,Goodbourn,lgoodbourn4y@cam.ac.uk,Genderfluid,139.249.29.180
180,Josey,Bunch,jbunch4z@mapquest.com,Female,202.102.129.49
181,Madison,Clausius,mclausius50@boston.com,Male,63.172.57.185
182,Lona,Beckinsale,lbeckinsale51@narod.ru,Female,130.209.21.74
183,Lek,Swyer-Sexey,lswyersexey52@sohu.com,Male,71.199.49.53
184,Herrick,Mapis,hmapis53@usnews.com,Male,38.91.124.113
185,Katerina,Northridge,knorthridge54@tamu.edu,Female,137.239.219.227
186,Michaeline,Billin,mbillin55@google.com.br,Female,151.201.5.156
187,Clair,Nortunen,cnortunen56@nytimes.com,Male,145.44.4.149
188,Leonard,Di Ruggero,ldiruggero57@vkontakte.ru,Male,1.235.144.169
189,Trenton,Torrecilla,ttorrecilla58@eepurl.com,Male,67.194.78.193
190,Deerdre,Bisseker,dbisseker59@hc360.com,Agender,30.171.160.53
191,Karly,Craig,kcraig5a@washington.edu,Female,243.198.61.254
192,Mellie,Covotti,mcovotti5b@devhub.com,Female,40.93.204.42
193,Tamra,Kealey,tkealey5c@nih.gov,Female,39.166.100.34
194,Dolph,Braganca,dbraganca5d@drupal.org,Male,132.29.126.72
195,Gardner,Grumell,ggrumell5e@squarespace.com,Male,216.241.115.210
196,Lester,Minmagh,lminmagh5f@hibu.com,Male,85.222.222.159
197,Simone,Husbands,shusbands5g@about.com,Male,36.137.216.207
198,Clement,Dilger,cdilger5h@ed.gov,Male,152.106.238.1
199,Benedicta,Doniso,bdoniso5i@businessinsider.com,Female,203.33.199.27
200,Bella,Mustchin,bmustchin5j@nymag.com,Female,148.158.153.120
201,Aundrea,Tees,atees5k@homestead.com,Female,157.31.234.141
202,Gusty,Labusquiere,glabusquiere5l@about.com,Female,154.217.178.76
203,Antonia,MacCathay,amaccathay5m@springer.com,Female,145.5.84.117
204,Giraud,Grutchfield,ggrutchfield5n@macromedia.com,Male,18.150.234.98
205,Candace,China,cchina5o@usa.gov,Female,105.131.78.60
206,Royal,Yerbury,ryerbury5p@webs.com,Male,87.1.182.182
207,Chery,Hazelgreave,chazelgreave5q@gov.uk,Female,50.180.33.97
208,Lorant,Colicot,lcolicot5r@geocities.jp,Male,43.188.69.58
209,Cathyleen,Dargan,cdargan5s@drupal.org,Non-binary,250.98.190.249
210,Madel,Pettwood,mpettwood5t@craigslist.org,Female,113.7.46.128
211,Maurise,Sugars,msugars5u@reuters.com,Female,168.34.102.0
212,Jacynth,Kirckman,jkirckman5v@globo.com,Female,204.250.96.14
213,Waverley,Tarbath,wtarbath5w@blogger.com,Male,44.88.189.249
214,Kingston,Bizzey,kbizzey5x@adobe.com,Male,15.126.24.141
215,Dugald,Kirk,dkirk5y@apple.com,Male,86.21.4.54
216,Lancelot,Kynoch,lkynoch5z@google.com.hk,Male,24.7.174.112
217,Corenda,Dubble,cdubble60@theatlantic.com,Female,174.205.236.194
218,Janna,Trevethan,jtrevethan61@economist.com,Female,79.162.45.120
219,Vivien,O'Heneghan,voheneghan62@opensource.org,Female,2.187.132.80
220,Marilin,Sparway,msparway63@hugedomains.com,Female,8.248.209.107
221,Oliver,Matusiak,omatusiak64@skype.com,Male,3.238.146.228
222,Roxine,Turbayne,rturbayne65@123-reg.co.uk,Female,48.167.195.30
223,Xever,Le Conte,xleconte66@qq.com,Polygender,99.180.44.108
224,Ruggiero,Sterricks,rsterricks67@archive.org,Male,162.183.234.249
225,Carmine,Fenech,cfenech68@people.com.cn,Female,196.210.166.6
226,Marlyn,Stede,mstede69@weibo.com,Genderfluid,192.230.98.233
227,Augustine,Mantz,amantz6a@noaa.gov,Female,121.223.32.62
228,Ernesta,Haselwood,ehaselwood6b@yandex.ru,Female,57.190.105.143
229,Thelma,Di Francecshi,tdifrancecshi6c@merriam-webster.com,Non-binary,70.220.143.238
230,Aleen,Dugget,adugget6d@surveymonkey.com,Female,131.172.32.155
231,Albrecht,Graben,agraben6e@exblog.jp,Male,52.3.74.197
232,Rina,Klimczak,rklimczak6f@berkeley.edu,Female,230.57.52.92
233,Pete,Wrankling,pwrankling6g@elpais.com,Male,143.121.87.27
234,Kristien,Krochmann,kkrochmann6h@hao123.com,Female,120.37.118.103
235,Guglielmo,Easum,geasum6i@opensource.org,Male,230.166.122.199
236,Willis,Papierz,wpapierz6j@apple.com,Male,207.46.34.121
237,Bird,Wanek,bwanek6k@yale.edu,Female,183.82.24.175
238,Twila,Giff,tgiff6l@topsy.com,Female,177.240.107.101
239,Jacquetta,Zoppie,jzoppie6m@census.gov,Female,91.91.215.150
240,Randi,Brownlie,rbrownlie6n@admin.ch,Male,249.25.217.89
241,Heida,Potzold,hpotzold6o@tripod.com,Female,183.241.70.31
242,Gayel,Mc Trusty,gmctrusty6p@4shared.com,Female,116.55.41.98
243,Levin,Loughlin,lloughlin6q@weibo.com,Male,11.206.172.90
244,Selene,Pearton,spearton6r@sphinn.com,Female,98.250.51.108
245,Corinna,Heistermann,cheistermann6s@ebay.com,Female,147.80.217.172
246,Zorina,Slisby,zslisby6t@bigcartel.com,Female,136.53.133.23
247,Mair,Felmingham,mfelmingham6u@go.com,Female,34.146.141.65
248,Alvan,Pennell,apennell6v@etsy.com,Male,35.68.136.215
249,Thorpe,Chamley,tchamley6w@furl.net,Male,134.101.50.169
250,Lauren,Schusterl,lschusterl6x@shareasale.com,Male,140.145.187.201
251,Cathrin,Cartner,ccartner6y@census.gov,Female,103.253.169.113
252,Winnie,Biddle,wbiddle6z@comsenz.com,Male,198.153.190.38
253,Perkin,Poller,ppoller70@a8.net,Male,190.152.186.67
254,Gladys,Marple,gmarple71@cyberchimps.com,Bigender,204.57.254.245
255,Liv,Birtchnell,lbirtchnell72@java.com,Female,12.141.232.214
256,Lynnelle,Kielty,lkielty73@friendfeed.com,Female,110.198.131.16
257,Orson,Ranklin,oranklin74@si.edu,Male,253.227.46.152
258,Darnall,Bagott,dbagott75@facebook.com,Male,54.49.230.222
259,Melisent,Clulow,mclulow76@samsung.com,Female,224.4.156.4
260,Patrice,Spottiswoode,pspottiswoode77@virginia.edu,Female,90.96.197.52
261,Debbi,Dawton,ddawton78@tuttocitta.it,Female,243.109.223.82
262,Tracy,Osbourn,tosbourn79@rambler.ru,Female,132.168.83.150
263,Pammi,Drage,pdrage7a@odnoklassniki.ru,Female,9.146.210.193
264,Arlin,Girardengo,agirardengo7b@smugmug.com,Male,140.31.250.60
265,Jerry,Kemetz,jkemetz7c@msu.edu,Female,82.156.37.53
266,Emera,Antoniottii,eantoniottii7d@umich.edu,Female,22.176.109.30
267,Deirdre,Ginity,dginity7e@reddit.com,Female,212.89.201.204
268,Bogey,Petett,bpetett7f@jiathis.com,Male,130.163.210.104
269,Cacilia,Stonestreet,cstonestreet7g@omniture.com,Female,108.17.24.5
270,Alasdair,Caddy,acaddy7h@typepad.com,Genderqueer,176.30.38.155
271,Thayne,Sphinxe,tsphinxe7i@wisc.edu,Male,72.51.1.52
272,Kurt,Domesday,kdomesday7j@thetimes.co.uk,Male,83.77.57.120
273,Weidar,Heazel,wheazel7k@jalbum.net,Male,205.28.55.56
274,Marlin,Boken,mboken7l@kickstarter.com,Male,201.75.228.52
275,Eileen,Brixham,ebrixham7m@nasa.gov,Female,57.248.222.217
276,Ban,Commander,bcommander7n@pbs.org,Male,207.184.177.21
277,Tildie,Viger,tviger7o@wisc.edu,Female,8.229.9.132
278,Ritchie,Burnside,rburnside7p@cornell.edu,Male,119.154.18.135
279,Davey,Filshin,dfilshin7q@oaic.gov.au,Male,116.190.143.217
280,Emerson,Privost,eprivost7r@yale.edu,Male,81.166.79.6
281,Dun,Steggles,dsteggles7s@51.la,Male,152.134.143.253
282,Perle,Nutkin,pnutkin7t@apache.org,Genderfluid,255.227.127.88
283,Cy,Philippson,cphilippson7u@hatena.ne.jp,Male,28.187.208.93
284,Kesley,Lalonde,klalonde7v@linkedin.com,Female,6.27.129.113
285,Dale,Dibling,ddibling7w@wiley.com,Male,146.165.255.43
286,Arri,Purcer,apurcer7x@meetup.com,Male,143.236.31.237
287,Sigismond,Schaben,sschaben7y@go.com,Male,218.0.248.11
288,Brett,Edwinson,bedwinson7z@zimbio.com,Male,195.34.231.11
289,Valentine,Sandaver,vsandaver80@goodreads.com,Male,83.144.56.104
290,Heda,Denison,hdenison81@google.nl,Female,69.22.163.130
291,Edd,Threader,ethreader82@un.org,Male,82.254.138.47
292,Cris,Musla,cmusla83@narod.ru,Genderqueer,233.169.240.20
293,Miguela,Twallin,mtwallin84@amazon.co.uk,Female,125.71.66.61
294,Lethia,Abelson,labelson85@irs.gov,Female,145.22.168.90
295,Ola,Goldman,ogoldman86@illinois.edu,Female,10.32.239.50
296,Joachim,Chesterton,jchesterton87@printfriendly.com,Male,148.134.212.1
297,Riccardo,Pither,rpither88@biblegateway.com,Male,239.231.24.19
298,Filip,Rennie,frennie89@engadget.com,Male,156.151.96.176
299,Freddy,Letchford,fletchford8a@dagondesign.com,Agender,110.66.183.184
300,Marillin,Shoppee,mshoppee8b@paginegialle.it,Female,251.63.211.112
301,Alessandro,Sharrier,asharrier8c@ifeng.com,Male,102.118.41.43
302,Lucais,Skivington,lskivington8d@huffingtonpost.com,Male,250.193.139.56
303,Imelda,Erington,ierington8e@oaic.gov.au,Female,103.103.252.192
304,Baird,Barme,bbarme8f@loc.gov,Male,40.80.26.236
305,Martin,Linnitt,mlinnitt8g@apple.com,Genderqueer,156.72.135.147
306,Bradley,Huortic,bhuortic8h@bravesites.com,Male,17.23.50.19
307,Odille,Apfelmann,oapfelmann8i@lycos.com,Female,124.181.159.45
308,Darrell,Highwood,dhighwood8j@engadget.com,Male,130.11.223.21
309,Gilbert,Leman,gleman8k@sohu.com,Male,103.77.50.61
310,Mortimer,Hartburn,mhartburn8l@skype.com,Male,11.196.231.3
311,Beryle,Bolzen,bbolzen8m@sakura.ne.jp,Female,209.197.71.227
312,Bennie,Guirau,bguirau8n@google.cn,Male,172.127.14.20
313,Vivyan,Borton,vborton8o@un.org,Female,203.111.204.114
314,Alena,Mateja,amateja8p@163.com,Female,105.161.91.207
315,Betteann,Eilles,beilles8q@hp.com,Female,43.72.101.30
316,Jobey,Navein,jnavein8r@dyndns.org,Female,116.22.147.248
317,Louis,Blowers,lblowers8s@storify.com,Male,60.28.1.26
318,Annette,Snelling,asnelling8t@behance.net,Female,153.139.149.71
319,Malinda,Bassham,mbassham8u@blogspot.com,Genderfluid,0.130.172.130
320,Theodosia,Hake,thake8v@google.co.uk,Female,51.218.11.150
321,Raddy,Goodright,rgoodright8w@sourceforge.net,Male,168.189.22.114
322,Cristen,Gosse,cgosse8x@pen.io,Female,120.92.208.8
323,Brinna,Curmi,bcurmi8y@flavors.me,Female,114.141.126.33
324,Karlan,Macourek,kmacourek8z@hugedomains.com,Male,237.177.40.197
325,Fredi,Cardillo,fcardillo90@google.co.uk,Female,8.33.198.13
326,Brennen,Mounfield,bmounfield91@booking.com,Male,11.22.73.177
327,Murvyn,Laugherane,mlaugherane92@businesswire.com,Genderqueer,30.153.0.73
328,Roi,Cherry Holme,rcherryholme93@weibo.com,Male,216.223.150.251
329,Pail,Fratczak,pfratczak94@ca.gov,Male,175.217.175.60
330,Ellissa,Niles,eniles95@wordpress.com,Female,198.120.81.230
331,Idalia,Eriksson,ieriksson96@quantcast.com,Female,174.190.29.26
332,Luella,Grannell,lgrannell97@google.ru,Female,184.78.63.187
333,Taddeusz,Dominec,tdominec98@e-recht24.de,Male,98.52.151.234
334,Korella,Moss,kmoss99@odnoklassniki.ru,Female,180.248.21.84
335,Ivonne,Boone,iboone9a@cafepress.com,Female,10.248.181.43
336,Demetrius,Schruurs,dschruurs9b@hp.com,Male,124.17.17.115
337,Burlie,Dunbar,bdunbar9c@dmoz.org,Male,117.77.45.73
338,Robbie,Beeswing,rbeeswing9d@businessinsider.com,Male,208.207.33.81
339,Karena,Alsop,kalsop9e@utexas.edu,Female,176.185.20.62
340,Kalvin,Wandtke,kwandtke9f@friendfeed.com,Male,74.208.158.151
341,Theadora,Bisterfeld,tbisterfeld9g@hibu.com,Female,122.98.122.24
342,Miof mela,Gladman,mgladman9h@yellowpages.com,Female,184.29.230.58
343,Grantham,Sparry,gsparry9i@dmoz.org,Male,195.208.31.236
344,Maurizia,Willgrass,mwillgrass9j@privacy.gov.au,Female,104.85.119.186
345,Melisandra,Walkey,mwalkey9k@so-net.ne.jp,Female,106.5.169.194
346,Vasilis,Bonnier,vbonnier9l@ameblo.jp,Male,165.196.124.90
347,Everard,Latore,elatore9m@123-reg.co.uk,Male,90.14.117.197
348,Alvina,Staniland,astaniland9n@indiegogo.com,Female,205.98.118.99
349,Brook,Gonoude,bgonoude9o@illinois.edu,Non-binary,201.225.197.163
350,Darbie,Reddin,dreddin9p@tiny.cc,Female,194.220.240.62
351,Vannie,Eden,veden9q@chron.com,Female,241.45.140.237
352,Carolyn,Bexon,cbexon9r@pbs.org,Female,180.219.184.70
353,Blair,Klesse,bklesse9s@quantcast.com,Male,177.15.124.26
354,Arri,Klemencic,aklemencic9t@slashdot.org,Bigender,171.189.229.35
355,Isidor,Ipsgrave,iipsgrave9u@nsw.gov.au,Male,106.58.211.180
356,Lorain,McLane,lmclane9v@gravatar.com,Female,61.207.110.100
357,Esmaria,Bresnen,ebresnen9w@51.la,Female,194.201.150.58
358,Merridie,Joost,mjoost9x@mediafire.com,Female,230.188.16.9
359,Lori,Greatham,lgreatham9y@godaddy.com,Polygender,81.179.245.96
360,Jethro,Shermore,jshermore9z@netvibes.com,Male,253.173.219.30
361,Belita,Lutwidge,blutwidgea0@jimdo.com,Female,183.176.104.239
362,Gawain,Fogden,gfogdena1@odnoklassniki.ru,Bigender,115.178.30.161
363,Putnam,Lorie,ploriea2@wsj.com,Male,56.62.98.26
364,Goddart,Dumpleton,gdumpletona3@google.de,Agender,159.19.182.116
365,Nada,Wahncke,nwahnckea4@list-manage.com,Female,207.77.52.39
366,Nady,Lachaize,nlachaizea5@bbb.org,Female,11.8.139.130
367,Dodie,Coleridge,dcoleridgea6@taobao.com,Female,108.59.151.230
368,Fawnia,Lackey,flackeya7@youtube.com,Female,103.99.219.166
369,Timofei,Mitcham,tmitchama8@google.fr,Male,237.92.187.214
370,Gregoire,Soggee,gsoggeea9@virginia.edu,Male,33.71.86.134
371,Yvette,Coddington,ycoddingtonaa@xinhuanet.com,Female,47.106.170.204
372,Min,Ruffey,mruffeyab@microsoft.com,Female,121.239.254.55
373,Jefferey,Aylesbury,jaylesburyac@example.com,Male,135.186.18.242
374,Jessy,Vivien,jvivienad@wiley.com,Female,233.7.122.189
375,Beverlee,Alvin,balvinae@barnesandnoble.com,Female,111.202.123.47
376,Hildagard,Antonignetti,hantonignettiaf@ft.com,Female,87.47.239.55
377,Delmar,Gaytor,dgaytorag@utexas.edu,Male,193.102.94.163
378,Merridie,Canet,mcanetah@livejournal.com,Female,20.23.247.140
379,Katalin,Eathorne,keathorneai@histats.com,Female,249.35.99.43
380,Asia,Briant,abriantaj@wufoo.com,Female,37.90.61.57
381,Kit,Luciano,klucianoak@wordpress.org,Female,200.222.55.224
382,Florina,McIlhatton,fmcilhattonal@skyrock.com,Female,220.100.155.120
383,Ashla,Nise,aniseam@google.it,Genderqueer,177.232.178.172
384,Craig,Maben,cmabenan@wikimedia.org,Male,33.80.111.47
385,Jeddy,Castelli,jcastelliao@mozilla.org,Polygender,168.190.64.148
386,Fredra,Kinny,fkinnyap@slate.com,Female,208.113.16.75
387,Forrest,Oselton,foseltonaq@soup.io,Male,31.222.55.179
388,Solly,Corbould,scorbouldar@comcast.net,Male,185.168.51.176
389,Gabie,Hollyard,ghollyardas@paypal.com,Female,77.192.228.39
390,Shell,Thirlaway,sthirlawayat@macromedia.com,Male,51.117.149.130
391,Towney,Alsobrook,talsobrookau@geocities.com,Male,5.56.19.218
392,Phillipp,Chasmor,pchasmorav@berkeley.edu,Male,168.114.211.134
393,Wayne,Edds,weddsaw@example.com,Male,154.237.220.151
394,Mella,Sneaker,msneakerax@globo.com,Female,222.189.31.103
395,Brett,Iglesias,biglesiasay@webeden.co.uk,Male,71.165.80.38
396,Loretta,Ridwood,lridwoodaz@pbs.org,Female,163.13.201.210
397,Delora,Parkman,dparkmanb0@biblegateway.com,Female,174.195.42.22
398,Astrix,Keighley,akeighleyb1@java.com,Genderqueer,166.49.212.217
399,Theressa,Millyard,tmillyardb2@salon.com,Female,5.211.122.178
400,Josephine,Streat,jstreatb3@diigo.com,Female,172.30.201.73
401,Thedric,Gheorghescu,tgheorghescub4@house.gov,Agender,41.132.14.29
402,Sorcha,Hodge,shodgeb5@histats.com,Female,211.157.63.211
403,Ezra,Sperling,esperlingb6@nba.com,Genderqueer,52.217.34.246
404,Andros,Burnell,aburnellb7@independent.co.uk,Male,216.28.73.218
405,Ramsay,Lown,rlownb8@moonfruit.com,Male,95.137.76.36
406,Nerita,Clint,nclintb9@ibm.com,Female,69.39.190.20
407,Chryste,Lenoir,clenoirba@dion.ne.jp,Polygender,118.129.12.74
408,Olivie,Ashborne,oashbornebb@issuu.com,Genderqueer,180.47.51.244
409,Kassie,Maile,kmailebc@businesswire.com,Female,190.168.223.58
410,Shane,Dalgetty,sdalgettybd@yandex.ru,Male,21.89.240.133
411,Vinny,De Blase,vdeblasebe@nationalgeographic.com,Agender,12.111.110.37
412,Fanni,Furby,ffurbybf@google.com,Female,170.90.102.201
413,Becca,Le land,blelandbg@mozilla.org,Non-binary,160.226.145.118
414,Alexa,Pendrich,apendrichbh@google.com.hk,Female,182.209.160.226
415,Rudie,Dumke,rdumkebi@arstechnica.com,Male,168.113.152.202
416,Agathe,MacAlester,amacalesterbj@reverbnation.com,Female,16.104.17.211
417,Sela,Habgood,shabgoodbk@goodreads.com,Female,54.5.239.47
418,Ameline,Freeth,afreethbl@boston.com,Female,86.87.210.60
419,Cal,Geraldo,cgeraldobm@github.io,Female,33.61.62.219
420,Patin,Mundford,pmundfordbn@dell.com,Non-binary,118.141.147.70
421,Felice,Abramof,fabramofbo@theglobeandmail.com,Female,131.197.160.15
422,Netti,Dochon,ndochonbp@wix.com,Female,82.16.148.104
423,Fanchon,Ellerton,fellertonbq@creativecommons.org,Bigender,205.209.132.170
424,Terri,Caig,tcaigbr@wunderground.com,Male,119.45.82.5
425,Vivian,Klessmann,vklessmannbs@twitpic.com,Female,250.255.192.134
426,Godard,Grigsby,ggrigsbybt@4shared.com,Polygender,9.6.160.154
427,Carmen,Swales,cswalesbu@nhs.uk,Female,135.44.148.97
428,Jennilee,Lynde,jlyndebv@arizona.edu,Female,190.85.219.93
429,Monique,Bellwood,mbellwoodbw@adobe.com,Female,215.160.202.127
430,Ekaterina,Skurray,eskurraybx@icq.com,Female,201.214.13.120
431,Leslie,Jouhning,ljouhningby@ihg.com,Male,253.205.247.248
432,Melody,Gert,mgertbz@squarespace.com,Agender,47.175.86.63
433,Darn,Bonafacino,dbonafacinoc0@de.vu,Male,91.23.234.174
434,Wallas,Ivashkin,wivashkinc1@twitpic.com,Male,95.77.24.136
435,Torrin,Van de Velde,tvandeveldec2@java.com,Male,4.162.117.48
436,Demetris,Emerton,demertonc3@google.it,Female,246.134.255.12
437,Modestia,Milton-White,mmiltonwhitec4@hc360.com,Female,8.253.123.27
438,Pepito,Pickance,ppickancec5@163.com,Male,48.191.75.23
439,Fitzgerald,Cartan,fcartanc6@ycombinator.com,Male,94.70.142.198
440,Rafi,Mellers,rmellersc7@gov.uk,Male,7.58.218.216
441,Dora,Daout,ddaoutc8@upenn.edu,Female,74.197.55.43
442,Abeu,Willerson,awillersonc9@nba.com,Male,230.183.204.50
443,Brandise,Breadmore,bbreadmoreca@dell.com,Female,11.33.102.189
444,Albrecht,Zuanelli,azuanellicb@smugmug.com,Agender,174.240.141.129
445,Iona,Reddings,ireddingscc@pen.io,Female,239.83.31.66
446,Gleda,Kix,gkixcd@51.la,Female,67.199.108.24
447,Nadine,O'Scollee,noscolleece@google.com.au,Bigender,155.157.1.175
448,Boot,Benge,bbengecf@canalblog.com,Male,138.158.46.107
449,Judas,Matterdace,jmatterdacecg@friendfeed.com,Male,23.240.35.134
450,Gardy,Dilleston,gdillestonch@arstechnica.com,Male,57.174.57.252
451,Amanda,Garnar,agarnarci@phoca.cz,Female,175.53.18.206
452,Callean,Myrie,cmyriecj@about.me,Male,104.173.99.196
453,Morty,Howsley,mhowsleyck@odnoklassniki.ru,Male,193.94.95.170
454,Casar,Hestrop,chestropcl@cargocollective.com,Male,244.176.202.207
455,Zita,Sporgeon,zsporgeoncm@nydailynews.com,Female,174.240.85.63
456,Diarmid,Hammerton,dhammertoncn@gmpg.org,Male,227.29.67.58
457,Isadora,Gouch,igouchco@liveinternet.ru,Female,67.234.166.66
458,Jarrett,Hillyatt,jhillyattcp@redcross.org,Male,10.167.85.245
459,Cherilynn,Jiggens,cjiggenscq@ycombinator.com,Female,235.96.32.43
460,Neddie,Korf,nkorfcr@webeden.co.uk,Male,119.110.124.199
461,Lezlie,Peltzer,lpeltzercs@go.com,Female,146.225.186.236
462,Kacy,Huygen,khuygenct@facebook.com,Female,198.165.31.127
463,Obie,McOmish,omcomishcu@slideshare.net,Male,77.17.159.190
464,Paige,Schaben,pschabencv@unicef.org,Female,12.242.119.192
465,Kore,Lucian,kluciancw@stumbleupon.com,Female,77.32.192.6
466,Mikel,Lamberts,mlambertscx@feedburner.com,Male,221.204.207.182
467,Loella,Landman,llandmancy@desdev.cn,Female,38.241.76.222
468,Giavani,Stait,gstaitcz@abc.net.au,Male,104.46.217.161
469,Gert,Bleby,gblebyd0@google.com,Female,7.149.49.41
470,Roby,Currin,rcurrind1@si.edu,Female,186.120.104.2
471,Florida,Le Frank,flefrankd2@walmart.com,Female,255.208.178.171
472,Roldan,McIlherran,rmcilherrand3@php.net,Male,192.215.59.251
473,Vikky,Serridge,vserridged4@wikimedia.org,Female,39.30.254.154
474,Arlan,Stambridge,astambridged5@earthlink.net,Male,152.129.29.127
475,Leigh,Nesbeth,lnesbethd6@craigslist.org,Male,200.98.112.103
476,Marie,Gon,mgond7@amazonaws.com,Female,238.2.54.71
477,Shela,Orlton,sorltond8@people.com.cn,Female,161.153.168.102
478,Rozalin,Middleweek,rmiddleweekd9@yolasite.com,Genderfluid,70.147.112.78
479,Kalli,Attawell,kattawellda@123-reg.co.uk,Female,12.90.163.244
480,Bradan,Luipold,bluipolddb@aboutads.info,Male,55.11.5.160
481,Jo-ann,Esgate,jesgatedc@ucsd.edu,Female,40.83.19.92
482,Helenka,Dymocke,hdymockedd@thetimes.co.uk,Agender,115.235.18.175
483,Vin,MacLeod,vmacleodde@epa.gov,Female,168.246.152.197
484,Marena,Matskiv,mmatskivdf@ning.com,Female,180.99.226.30
485,Blake,Shuker,bshukerdg@dmoz.org,Female,199.28.147.164
486,Ashby,Farren,afarrendh@digg.com,Agender,165.88.45.199
487,Dru,Nesterov,dnesterovdi@opensource.org,Bigender,166.137.169.180
488,Sara-ann,Lundie,slundiedj@google.com.br,Female,201.39.34.28
489,Tanny,Shorthouse,tshorthousedk@xing.com,Male,69.251.56.194
490,Sebastian,Sonner,ssonnerdl@weibo.com,Male,119.34.179.22
491,Beckie,Murrell,bmurrelldm@auda.org.au,Female,176.67.157.195
492,Jaine,O' Scallan,joscallandn@cmu.edu,Female,39.115.52.42
493,Hildegaard,Tavernor,htavernordo@hostgator.com,Female,160.227.15.195
494,Olly,Gerretsen,ogerretsendp@huffingtonpost.com,Male,243.193.255.224
495,Kent,Bouskill,kbouskilldq@senate.gov,Male,24.126.104.189
496,Joya,Lowater,jlowaterdr@google.com.au,Female,228.153.1.74
497,Katrina,Rosenhaus,krosenhausds@eventbrite.com,Female,241.75.105.87
498,Ingemar,Harbertson,iharbertsondt@php.net,Male,7.159.113.68
499,Mollee,Colquit,mcolquitdu@cpanel.net,Female,47.96.53.161
500,Pooh,Dobbing,pdobbingdv@princeton.edu,Female,54.152.71.111
501,Fawne,Hackin,fhackindw@people.com.cn,Female,8.86.145.105
502,Rozelle,Madine,rmadinedx@desdev.cn,Genderfluid,153.124.165.18
503,Marianne,Crunkhorn,mcrunkhorndy@sourceforge.net,Female,39.174.254.28
504,Abrahan,Rosiello,arosiellodz@imageshack.us,Male,74.9.112.75
505,Sig,Monkleigh,smonkleighe0@java.com,Male,93.7.242.136
506,Fanechka,Fowls,ffowlse1@simplemachines.org,Female,186.231.129.79
507,Lyndy,Anderson,landersone2@yellowbook.com,Female,27.178.123.32
508,Galvan,Delwater,gdelwatere3@printfriendly.com,Bigender,105.245.190.60
509,Anthony,Placide,aplacidee4@chicagotribune.com,Male,238.38.4.229
510,Cori,Cranmere,ccranmeree5@jigsy.com,Female,52.115.255.52
511,Elise,O Mullen,eomullene6@statcounter.com,Female,48.238.220.167
512,Adele,Cardew,acardewe7@fema.gov,Female,70.93.69.33
513,Coral,Snewin,csnewine8@usatoday.com,Female,84.25.194.26
514,Terrijo,Roxburgh,troxburghe9@google.pl,Female,201.19.38.168
515,Adena,Domone,adomoneea@vinaora.com,Female,173.201.81.117
516,Joella,Jirzik,jjirzikeb@newyorker.com,Female,51.130.151.224
517,Dayle,Pilger,dpilgerec@fda.gov,Bigender,196.193.255.156
518,Der,Lammers,dlammersed@rakuten.co.jp,Male,5.99.239.119
519,Gypsy,Border,gborderee@tinypic.com,Female,30.200.193.71
520,Pall,Manclark,pmanclarkef@myspace.com,Male,37.114.61.163
521,Christoforo,MacGregor,cmacgregoreg@spiegel.de,Male,192.164.243.223
522,Sharai,Ossulton,sossultoneh@g.co,Female,249.160.73.138
523,Angele,Siuda,asiudaei@github.io,Female,160.116.15.121
524,Keenan,Shellum,kshellumej@usnews.com,Genderqueer,110.118.47.86
525,Wake,Gabotti,wgabottiek@rakuten.co.jp,Male,236.38.136.177
526,Anne-marie,Jerzak,ajerzakel@webs.com,Genderfluid,193.221.22.88
527,Kristel,Djokic,kdjokicem@arstechnica.com,Female,248.198.130.145
528,Gibbie,Mosdill,gmosdillen@free.fr,Male,1.247.206.152
529,Valida,Fishwick,vfishwickeo@flickr.com,Female,192.96.152.33
530,Brynne,Catherall,bcatherallep@yahoo.co.jp,Female,129.215.190.2
531,Zuzana,Dyster,zdystereq@disqus.com,Agender,147.44.214.16
532,Robin,O'Moylan,romoylaner@cbsnews.com,Male,104.193.23.145
533,Darell,Nowaczyk,dnowaczykes@chronoengine.com,Female,10.20.197.12
534,Petey,Menichini,pmenichiniet@google.com.au,Male,33.70.190.107
535,Raquel,McNiven,rmcniveneu@joomla.org,Female,36.204.52.3
536,Andrew,Fery,aferyev@answers.com,Male,235.84.87.22
537,Lyman,Spatig,lspatigew@geocities.com,Male,209.4.74.202
538,Roseanna,Crampin,rcrampinex@unblog.fr,Female,30.211.248.52
539,Jacquie,Collough,jcolloughey@oakley.com,Female,147.224.229.58
540,Johna,Nund,jnundez@sourceforge.net,Female,46.209.81.117
541,Gino,Rosten,grostenf0@jiathis.com,Male,29.66.38.154
542,Bayard,Gotobed,bgotobedf1@drupal.org,Male,159.0.151.79
543,Shawnee,Comben,scombenf2@google.pl,Female,173.32.204.238
544,Yasmin,Wilshaw,ywilshawf3@hugedomains.com,Female,197.112.250.40
545,Arch,Winnett,awinnettf4@vkontakte.ru,Male,173.100.164.123
546,Becki,Barrie,bbarrief5@gmpg.org,Female,237.137.110.232
547,Clarine,Twiddy,ctwiddyf6@japanpost.jp,Female,97.52.237.59
548,Robinetta,Chainey,rchaineyf7@etsy.com,Female,241.107.122.120
549,Amil,Haddleston,ahaddlestonf8@sciencedaily.com,Female,106.241.198.51
550,Meredith,Audrey,maudreyf9@biglobe.ne.jp,Genderqueer,150.149.29.17
551,Garrick,Skerratt,gskerrattfa@stanford.edu,Polygender,194.20.21.196
552,Barny,Pusill,bpusillfb@aol.com,Male,155.124.231.157
553,Guillaume,Pudden,gpuddenfc@japanpost.jp,Male,221.113.34.185
554,Lewes,Brozsset,lbrozssetfd@mapy.cz,Male,71.124.118.249
555,Kiley,Getsham,kgetshamfe@tiny.cc,Male,232.194.102.244
556,Saloma,Blench,sblenchff@networksolutions.com,Female,205.117.38.29
557,Wylie,Abelov,wabelovfg@sphinn.com,Male,89.83.99.107
558,Ogdan,Duncombe,oduncombefh@seesaa.net,Male,242.134.136.7
559,Stu,Bednell,sbednellfi@intel.com,Male,219.61.168.45
560,Stace,Canon,scanonfj@pcworld.com,Female,148.135.157.48
561,Rivy,Trollope,rtrollopefk@nature.com,Female,75.175.212.77
562,Doria,Falkous,dfalkousfl@usgs.gov,Female,65.220.105.210
563,Arlee,Hibling,ahiblingfm@hexun.com,Female,228.191.34.2
564,Paddy,Arens,parensfn@fema.gov,Male,100.154.25.60
565,Stesha,Busek,sbusekfo@statcounter.com,Female,17.224.167.252
566,Edith,Zavattieri,ezavattierifp@mtv.com,Female,90.235.166.232
567,Britt,Clissell,bclissellfq@4shared.com,Male,81.107.245.252
568,Atlante,Sheriff,asherifffr@wp.com,Female,83.29.57.19
569,Davidson,Heineking,dheinekingfs@addtoany.com,Male,142.182.168.137
570,Jesse,Trathan,jtrathanft@mapquest.com,Male,109.236.129.203
571,Dell,Rablan,drablanfu@mysql.com,Female,120.236.89.2
572,Corty,Brittlebank,cbrittlebankfv@freewebs.com,Male,31.84.156.142
573,Shanda,Brundale,sbrundalefw@unblog.fr,Female,28.222.16.83
574,Jill,Fasson,jfassonfx@desdev.cn,Female,180.200.243.15
575,Tamarah,Niles,tnilesfy@fema.gov,Female,17.125.128.28
576,Aggie,Cuxson,acuxsonfz@slate.com,Female,141.238.114.115
577,Norby,Pessolt,npessoltg0@example.com,Male,101.59.60.135
578,Isacco,Bumpas,ibumpasg1@mozilla.org,Male,51.63.144.211
579,Tamarah,Tellenbrok,ttellenbrokg2@flickr.com,Female,86.236.187.190
580,Darlleen,Blazej,dblazejg3@flickr.com,Female,67.155.130.191
581,Arlie,McVeigh,amcveighg4@vimeo.com,Female,118.78.156.193
582,Sampson,Squibbs,ssquibbsg5@alexa.com,Male,61.45.220.63
583,Agathe,Hugland,ahuglandg6@moonfruit.com,Female,166.20.67.89
584,Herby,Sindall,hsindallg7@scribd.com,Male,54.198.240.249
585,Owen,Richardot,orichardotg8@buzzfeed.com,Male,233.22.132.228
586,Ricca,Freckelton,rfreckeltong9@hhs.gov,Female,37.180.18.215
587,Sula,Latehouse,slatehousega@bandcamp.com,Agender,171.26.224.47
588,Normy,Valerius,nvaleriusgb@cnet.com,Male,17.78.167.141
589,Joseito,Geator,jgeatorgc@chron.com,Male,101.40.177.59
590,Rafi,Billiard,rbilliardgd@live.com,Agender,172.6.207.31
591,Morgan,Hargrove,mhargrovege@studiopress.com,Female,206.152.142.80
592,Donaugh,Haxbie,dhaxbiegf@shinystat.com,Male,250.208.131.195
593,Audi,Crocket,acrocketgg@tmall.com,Female,171.71.199.47
594,Marsh,Vivian,mviviangh@mashable.com,Male,219.189.175.175
595,Ethelred,Fitzackerley,efitzackerleygi@typepad.com,Male,56.119.90.33
596,Adriana,Dunbobbin,adunbobbingj@sciencedirect.com,Female,105.87.15.166
597,Zane,Boyes,zboyesgk@g.co,Male,111.69.10.149
598,Eldon,Garrish,egarrishgl@economist.com,Male,136.240.0.65
599,Cobbie,Labbett,clabbettgm@businessinsider.com,Male,195.152.142.108
600,Stanly,Lukianovich,slukianovichgn@networkadvertising.org,Male,39.5.21.177
601,Berton,Doust,bdoustgo@uiuc.edu,Male,23.1.83.24
602,Kellyann,Dimmock,kdimmockgp@answers.com,Female,215.170.236.142
603,Valma,Jalland,vjallandgq@liveinternet.ru,Female,121.238.243.217
604,Lisha,Fischer,lfischergr@cornell.edu,Female,117.176.4.146
605,Ebony,Hoppner,ehoppnergs@epa.gov,Female,61.230.105.151
606,Latisha,Dominichetti,ldominichettigt@plala.or.jp,Female,82.32.25.103
607,Fabio,Sinson,fsinsongu@alexa.com,Male,233.69.37.42
608,Constancy,Tabor,ctaborgv@oracle.com,Female,134.119.120.36
609,Raul,Eustes,reustesgw@intel.com,Male,217.219.180.200
610,Marcy,Yeandel,myeandelgx@dailymail.co.uk,Female,52.229.215.140
611,Deena,Morffew,dmorffewgy@de.vu,Agender,18.44.62.26
612,Vikky,Corbitt,vcorbittgz@usda.gov,Female,58.254.180.253
613,Clement,Hissett,chissetth0@friendfeed.com,Male,157.83.46.98
614,Hanna,de Keyser,hdekeyserh1@friendfeed.com,Female,222.159.150.103
615,Armand,Olfert,aolferth2@narod.ru,Male,2.250.9.14
616,Evaleen,Fowlston,efowlstonh3@japanpost.jp,Female,155.198.75.72
617,Luigi,Arlow,larlowh4@google.ru,Male,43.249.246.120
618,Lauritz,Truckell,ltruckellh5@twitter.com,Male,180.44.89.49
619,Chrystal,Blayd,cblaydh6@comsenz.com,Female,146.10.120.60
620,Algernon,Bagnall,abagnallh7@businessweek.com,Male,105.175.210.15
621,Doug,Yannoni,dyannonih8@irs.gov,Male,1.90.40.157
622,Latashia,Wildbore,lwildboreh9@msu.edu,Female,35.250.84.134
623,Roley,Silverman,rsilvermanha@cdc.gov,Male,114.130.28.247
624,Tadeo,Rebillard,trebillardhb@ted.com,Male,114.247.180.137
625,Gigi,Martugin,gmartuginhc@prlog.org,Female,92.165.167.167
626,Cass,Teek,cteekhd@rambler.ru,Female,22.113.192.204
627,Goran,Lavigne,glavignehe@state.tx.us,Male,134.85.217.219
628,Corenda,Storer,cstorerhf@shareasale.com,Female,188.147.188.245
629,Adrianna,Waring,awaringhg@etsy.com,Female,242.167.95.37
630,Chiarra,Morena,cmorenahh@ucoz.ru,Female,233.248.238.32
631,Lyndsay,Revitt,lrevitthi@nationalgeographic.com,Female,101.249.226.207
632,Venus,Leidecker,vleideckerhj@economist.com,Female,177.71.99.208
633,Paige,Corre,pcorrehk@sphinn.com,Male,60.251.229.125
634,Elvina,Critoph,ecritophhl@deviantart.com,Female,23.28.235.30
635,Olivero,Forty,ofortyhm@baidu.com,Male,214.58.157.204
636,Windy,Silbermann,wsilbermannhn@aol.com,Female,166.241.183.50
637,Sheba,Hince,shinceho@ezinearticles.com,Female,37.157.150.235
638,Lucien,Leyland,lleylandhp@comcast.net,Male,217.53.134.108
639,Lilas,Itscowicz,litscowiczhq@nasa.gov,Female,106.109.139.115
640,Alvina,Hamor,ahamorhr@ycombinator.com,Female,165.198.0.14
641,Gleda,Limprecht,glimprechths@soundcloud.com,Female,216.69.229.30
642,Cacilia,Springle,cspringleht@oakley.com,Female,215.215.172.121
643,Temp,Chaves,tchaveshu@cisco.com,Male,99.204.209.96
644,Sherwin,Jaqueminet,sjaqueminethv@deliciousdays.com,Male,35.247.71.20
645,Cheston,Adame,cadamehw@toplist.cz,Male,122.156.76.117
646,Les,Randales,lrandaleshx@chron.com,Male,34.184.232.85
647,Sayers,Graben,sgrabenhy@pen.io,Male,230.202.184.252
648,Saunder,Blachford,sblachfordhz@issuu.com,Male,46.252.197.158
649,Clarita,Mille,cmillei0@census.gov,Female,76.109.216.121
650,Nelson,Spowart,nspowarti1@wikipedia.org,Male,243.20.104.126
651,Brenn,Brion,bbrioni2@blogtalkradio.com,Female,105.234.24.45
652,Abbe,Oneal,aoneali3@admin.ch,Non-binary,193.60.20.168
653,Drona,Tiesman,dtiesmani4@over-blog.com,Female,12.37.101.188
654,Werner,Willock,wwillocki5@scribd.com,Male,87.73.128.24
655,Hamlen,Murname,hmurnamei6@wp.com,Male,229.154.119.95
656,Patti,Codron,pcodroni7@friendfeed.com,Female,116.190.227.40
657,Johannes,New,jnewi8@reddit.com,Male,156.252.128.156
658,Harriot,Gladdish,hgladdishi9@japanpost.jp,Female,175.137.7.58
659,Lyman,Pywell,lpywellia@baidu.com,Male,234.248.36.144
660,Aubrette,Stockwell,astockwellib@vimeo.com,Female,118.248.203.38
661,Andrej,Linkleter,alinkleteric@yale.edu,Genderfluid,10.239.121.160
662,Alyce,Klausen,aklausenid@ameblo.jp,Female,71.225.95.246
663,Roby,Wroth,rwrothie@nationalgeographic.com,Female,244.199.217.225
664,Vail,Muddimer,vmuddimerif@naver.com,Male,245.178.176.119
665,Talya,Doerren,tdoerrenig@marketwatch.com,Female,49.125.199.225
666,Free,Threadkell,fthreadkellih@soundcloud.com,Male,83.254.47.32
667,Garth,Ackenhead,gackenheadii@facebook.com,Male,202.107.110.3
668,Stanleigh,Mcmanaman,smcmanamanij@youku.com,Male,246.212.163.85
669,Isaac,Delucia,ideluciaik@trellian.com,Genderfluid,248.224.136.164
670,Gillie,Greenham,ggreenhamil@gravatar.com,Female,43.29.110.241
671,Bone,Jouen,bjouenim@deviantart.com,Male,226.65.199.247
672,Hillard,Grimsdike,hgrimsdikein@nymag.com,Male,196.98.121.58
673,Fergus,Hamilton,fhamiltonio@usa.gov,Agender,208.124.2.100
674,Kaleb,Raycroft,kraycroftip@myspace.com,Male,191.153.55.87
675,Sandie,Bresland,sbreslandiq@booking.com,Female,59.67.66.137
676,Maddie,Cleen,mcleenir@tmall.com,Female,75.244.101.112
677,Mort,Krolak,mkrolakis@amazon.com,Male,215.12.2.136
678,Errick,Ballchin,eballchinit@census.gov,Male,176.88.244.84
679,Guido,Gladbach,ggladbachiu@craigslist.org,Male,13.251.77.0
680,Murdoch,Fernanando,mfernanandoiv@digg.com,Bigender,36.82.65.82
681,Ford,Pretor,fpretoriw@bing.com,Male,145.204.156.145
682,Carita,Alwen,calwenix@bloglines.com,Female,81.185.142.85
683,Drew,Coryndon,dcoryndoniy@cpanel.net,Male,235.215.247.43
684,Morgen,Heard,mheardiz@oaic.gov.au,Female,206.97.18.137
685,Timmie,Buzine,tbuzinej0@gizmodo.com,Male,43.12.195.78
686,Antoinette,Stubbins,astubbinsj1@google.com.au,Polygender,57.47.135.98
687,Prudy,Abrahami,pabrahamij2@home.pl,Female,72.254.0.65
688,Loise,Gillmore,lgillmorej3@ucoz.com,Polygender,185.132.95.202
689,Cherey,Masters,cmastersj4@xrea.com,Female,4.194.226.246
690,Darnell,Delany,ddelanyj5@baidu.com,Male,215.190.63.5
691,Saree,Ellaman,sellamanj6@tiny.cc,Female,74.214.182.164
692,Arlene,Bunstone,abunstonej7@opera.com,Female,189.87.112.6
693,Farra,Aymes,faymesj8@printfriendly.com,Female,30.37.99.109
694,Laurianne,Moston,lmostonj9@goodreads.com,Female,237.203.244.235
695,Shepard,Slevin,sslevinja@home.pl,Male,193.214.209.115
696,Clementine,Conelly,cconellyjb@desdev.cn,Bigender,80.229.0.84
697,Cally,Roman,cromanjc@unblog.fr,Female,191.232.213.83
698,Rafaelia,Scollick,rscollickjd@canalblog.com,Female,14.113.97.28
699,Allsun,Golborn,agolbornje@photobucket.com,Polygender,32.98.41.175
700,Blinni,Dauncey,bdaunceyjf@list-manage.com,Female,13.14.5.108
701,Dalis,Baly,dbalyjg@livejournal.com,Male,218.2.166.75
702,Susannah,Strode,sstrodejh@tumblr.com,Female,103.209.227.1
703,Dania,Jenney,djenneyji@drupal.org,Agender,109.98.152.158
704,Emmey,Lewsy,elewsyjj@jugem.jp,Female,105.72.33.47
705,Norina,Beushaw,nbeushawjk@geocities.com,Genderqueer,74.82.94.174
706,Pauli,Stieger,pstiegerjl@dedecms.com,Female,55.203.153.50
707,Aaron,Rubinowitsch,arubinowitschjm@dropbox.com,Male,250.234.183.210
708,Son,Francom,sfrancomjn@51.la,Male,47.94.107.197
709,Britt,Seath,bseathjo@ucoz.ru,Genderqueer,242.109.194.161
710,Danni,Yitzhakov,dyitzhakovjp@cdbaby.com,Female,1.145.172.185
711,Conrad,Garford,cgarfordjq@4shared.com,Male,189.68.109.74
712,Randene,Franseco,rfransecojr@wp.com,Female,74.212.8.175
713,Reidar,Tatam,rtatamjs@google.it,Male,11.1.68.186
714,Berget,Blagburn,bblagburnjt@nps.gov,Female,54.224.236.124
715,Nessy,Spickett,nspickettju@pbs.org,Female,34.152.167.193
716,Lydia,Beazleigh,lbeazleighjv@google.es,Female,21.83.19.76
717,June,Duhig,jduhigjw@google.co.uk,Agender,187.249.62.149
718,Allister,Dyment,adymentjx@apple.com,Male,204.1.75.28
719,Annalee,Towll,atowlljy@accuweather.com,Female,204.35.80.140
720,Rochell,Wrathmall,rwrathmalljz@thetimes.co.uk,Female,48.113.133.105
721,Georas,Dunbabin,gdunbabink0@microsoft.com,Male,153.95.42.244
722,Curr,Scarr,cscarrk1@washington.edu,Male,192.91.170.199
723,Hasty,Missington,hmissingtonk2@scientificamerican.com,Male,194.79.210.170
724,Rina,Wragge,rwraggek3@ca.gov,Female,250.122.68.223
725,Sherill,Draijer,sdraijerk4@technorati.com,Female,90.240.71.78
726,Haze,Sissons,hsissonsk5@cdbaby.com,Non-binary,121.98.148.96
727,Booth,Sharvell,bsharvellk6@tripadvisor.com,Male,122.147.74.117
728,Hymie,Stathor,hstathork7@blogtalkradio.com,Genderqueer,6.88.59.212
729,Klarika,Hovell,khovellk8@mapy.cz,Female,236.166.11.76
730,Rudolph,Wooffitt,rwooffittk9@comcast.net,Male,76.85.180.249
731,Budd,Parkeson,bparkesonka@joomla.org,Male,177.17.118.204
732,Kelbee,Beiderbecke,kbeiderbeckekb@xinhuanet.com,Male,216.172.93.117
733,Paco,Furman,pfurmankc@huffingtonpost.com,Male,10.120.198.224
734,Abigale,Campa,acampakd@drupal.org,Female,254.27.58.156
735,Inga,Clewlow,iclewlowke@marketwatch.com,Female,152.246.30.126
736,Crichton,Storrar,cstorrarkf@360.cn,Male,141.127.27.116
737,Nikolas,Moquin,nmoquinkg@comsenz.com,Male,87.230.81.64
738,Phoebe,Cragoe,pcragoekh@quantcast.com,Female,120.212.240.233
739,Alejandro,Wratten,awrattenki@etsy.com,Polygender,202.90.124.187
740,Joly,Aucott,jaucottkj@blogs.com,Female,106.137.229.248
741,Lorine,Grisenthwaite,lgrisenthwaitekk@reverbnation.com,Female,112.57.82.240
742,Isacco,Trevethan,itrevethankl@topsy.com,Male,108.177.185.195
743,Alexi,Kemston,akemstonkm@people.com.cn,Female,250.211.50.17
744,Antonia,Scahill,ascahillkn@privacy.gov.au,Female,49.16.78.185
745,Rayna,Mussilli,rmussilliko@chronoengine.com,Female,237.112.62.14
746,Bank,Tivenan,btivenankp@friendfeed.com,Male,205.138.3.10
747,Dunstan,Fines,dfineskq@slashdot.org,Male,94.178.75.0
748,Davide,Somes,dsomeskr@fema.gov,Male,7.239.222.164
749,Worth,Spadeck,wspadeckks@tinyurl.com,Male,57.96.38.106
750,Liva,Cholmondeley,lcholmondeleykt@jimdo.com,Female,2.253.151.169
751,Marni,Pickburn,mpickburnku@gmpg.org,Female,239.209.238.13
752,Evangelia,Welbelove,ewelbelovekv@qq.com,Female,170.57.124.1
753,Heinrick,Picton,hpictonkw@people.com.cn,Male,94.3.236.99
754,Hill,Austing,haustingkx@prweb.com,Male,119.82.130.21
755,Prudy,Devin,pdevinky@aboutads.info,Female,156.169.60.194
756,Brit,Fareweather,bfareweatherkz@ezinearticles.com,Female,52.6.90.211
757,Glenn,Natwick,gnatwickl0@linkedin.com,Male,74.225.12.171
758,Isidoro,Kimble,ikimblel1@rakuten.co.jp,Male,31.239.205.119
759,Phedra,Palfreman,ppalfremanl2@earthlink.net,Female,71.145.80.77
760,Chalmers,Razoux,crazouxl3@salon.com,Male,183.214.137.128
761,Cloris,Messent,cmessentl4@uol.com.br,Female,97.238.33.154
762,Brew,McNeilly,bmcneillyl5@cdbaby.com,Male,211.96.115.113
763,Zeke,Sheed,zsheedl6@nih.gov,Male,86.160.153.72
764,Cordey,Manion,cmanionl7@intel.com,Bigender,43.211.60.98
765,Bordie,Roo,brool8@sbwire.com,Male,10.179.129.95
766,Brit,Brigshaw,bbrigshawl9@wikia.com,Male,69.213.63.158
767,Allister,Brezlaw,abrezlawla@businesswire.com,Male,76.15.195.143
768,Honoria,Feldhorn,hfeldhornlb@rambler.ru,Female,228.250.113.210
769,Jeremiah,Rudge,jrudgelc@squidoo.com,Male,131.158.164.215
770,Francois,Kohn,fkohnld@shutterfly.com,Male,175.148.94.96
771,Diann,Greensmith,dgreensmithle@jalbum.net,Female,5.122.22.104
772,Chelsea,Malpas,cmalpaslf@webeden.co.uk,Female,182.100.135.240
773,Clarence,Clayfield,cclayfieldlg@pen.io,Polygender,248.159.74.28
774,Tomkin,Dami,tdamilh@comcast.net,Male,56.199.202.225
775,Stavro,Doonican,sdoonicanli@usa.gov,Male,150.255.53.26
776,Ilario,Mandrey,imandreylj@ft.com,Male,177.107.8.179
777,Dalli,Geyton,dgeytonlk@comsenz.com,Male,252.146.71.79
778,Henrik,Turbefield,hturbefieldll@ibm.com,Male,62.228.72.237
779,Jard,Januszewski,jjanuszewskilm@army.mil,Non-binary,118.252.73.191
780,Marsiella,Zimmermeister,mzimmermeisterln@xing.com,Female,91.99.222.94
781,Kathye,Bartolomeo,kbartolomeolo@biglobe.ne.jp,Female,187.42.254.51
782,Ignatius,Adin,iadinlp@cdbaby.com,Male,171.218.119.47
783,Kerr,Dommett,kdommettlq@tripod.com,Male,43.159.86.100
784,Christean,Starkings,cstarkingslr@telegraph.co.uk,Female,224.171.112.253
785,Wolfy,Akehurst,wakehurstls@ed.gov,Male,101.53.21.160
786,Sven,Torresi,storresilt@chicagotribune.com,Male,43.83.95.99
787,Engelbert,Keizman,ekeizmanlu@ask.com,Male,69.10.254.244
788,Adriana,Klicher,aklicherlv@vinaora.com,Female,111.63.12.230
789,Sammie,Tanti,stantilw@themeforest.net,Male,86.44.7.224
790,Bald,Pafford,bpaffordlx@gmpg.org,Male,38.112.167.29
791,Zacharie,Housecraft,zhousecraftly@bigcartel.com,Male,10.206.105.3
792,Jane,Agate,jagatelz@theatlantic.com,Agender,131.176.28.140
793,Stoddard,Ferber,sferberm0@bizjournals.com,Female,188.122.210.121
794,Hanan,Gerold,hgeroldm1@cafepress.com,Agender,70.62.24.244
795,Meggi,Adamczyk,madamczykm2@csmonitor.com,Female,46.215.124.123
796,Mellie,Busfield,mbusfieldm3@soup.io,Female,177.200.3.139
797,Elfrieda,Collumbine,ecollumbinem4@goodreads.com,Female,28.203.34.84
798,Grantley,Klimshuk,gklimshukm5@who.int,Male,163.123.18.159
799,Cloris,Kyndred,ckyndredm6@youtu.be,Female,34.205.133.137
800,Mellicent,Beavan,mbeavanm7@kickstarter.com,Female,187.97.177.232
801,Ward,Woolam,wwoolamm8@goo.ne.jp,Male,46.109.189.200
802,Manda,Lenham,mlenhamm9@google.com.hk,Female,206.209.178.131
803,Kassia,Sunnex,ksunnexma@adobe.com,Female,0.55.24.146
804,Pablo,Whiterod,pwhiterodmb@twitter.com,Male,125.238.5.101
805,Rheba,Douche,rdouchemc@chronoengine.com,Female,26.178.86.105
806,Lynne,Copland,lcoplandmd@taobao.com,Female,59.242.246.65
807,Lannie,Gilvear,lgilvearme@nba.com,Male,203.75.229.20
808,Yevette,Damiata,ydamiatamf@youtube.com,Female,138.149.165.134
809,Dominique,Slobom,dslobommg@dailymotion.com,Agender,229.160.23.13
810,Maryanna,Opie,mopiemh@youtube.com,Genderfluid,91.27.233.104
811,June,Konig,jkonigmi@cbc.ca,Female,220.141.117.10
812,Terrence,Cunniffe,tcunniffemj@reuters.com,Male,69.206.177.186
813,Catlin,Ivshin,civshinmk@google.co.uk,Female,244.204.130.214
814,Evyn,Zaniolo,ezanioloml@dropbox.com,Male,121.214.83.171
815,Filide,Cobbe,fcobbemm@wikipedia.org,Agender,30.93.9.187
816,Bridgette,Rucklidge,brucklidgemn@hp.com,Female,180.49.110.97
817,Brooks,Lindwasser,blindwassermo@bbb.org,Male,6.222.155.248
818,Verne,Ridding,vriddingmp@cyberchimps.com,Male,130.129.118.26
819,Brooks,Smellie,bsmelliemq@mail.ru,Female,9.143.12.62
820,Lenee,Mandal,lmandalmr@google.com.au,Female,223.179.39.226
821,Pebrook,Del Dello,pdeldelloms@noaa.gov,Male,34.44.75.133
822,Cam,Denny,cdennymt@springer.com,Female,250.244.28.168
823,Maribelle,Kidson,mkidsonmu@ezinearticles.com,Female,220.227.69.35
824,Mercie,Westberg,mwestbergmv@over-blog.com,Female,27.11.213.20
825,Fawnia,Wakerley,fwakerleymw@opera.com,Agender,61.242.64.204
826,Bron,Gledstane,bgledstanemx@about.com,Male,233.91.157.223
827,Kaitlyn,Cubbon,kcubbonmy@ifeng.com,Female,117.204.126.69
828,Letta,Goroni,lgoronimz@wisc.edu,Female,221.210.233.159
829,Shannon,Lamplugh,slamplughn0@ebay.com,Female,218.33.42.216
830,Oates,Alekseicik,oalekseicikn1@hc360.com,Male,74.117.9.80
831,Ian,Vuitton,ivuittonn2@dyndns.org,Male,221.175.151.246
832,Editha,Paddefield,epaddefieldn3@zimbio.com,Female,246.76.71.84
833,Ray,Datte,rdatten4@geocities.jp,Male,212.119.187.125
834,Abrahan,Malyan,amalyann5@bluehost.com,Male,212.222.54.236
835,Nowell,Keling,nkelingn6@hc360.com,Male,203.78.101.174
836,Jayme,Hadkins,jhadkinsn7@free.fr,Male,180.185.145.166
837,Joete,Othick,jothickn8@google.co.uk,Agender,33.227.37.181
838,Doe,Klampt,dklamptn9@php.net,Female,129.0.0.84
839,Morgan,Houndsom,mhoundsomna@amazon.co.uk,Male,69.56.9.62
840,Giorgio,Czyz,gczyznb@amazonaws.com,Male,2.60.90.1
841,Renell,McGuffog,rmcguffognc@archive.org,Female,186.205.180.237
842,Modesty,Adney,madneynd@printfriendly.com,Female,249.201.58.53
843,Olvan,Hodgon,ohodgonne@comsenz.com,Male,130.109.137.8
844,Jarib,Russell,jrussellnf@slideshare.net,Male,186.153.0.109
845,Ingamar,Kendred,ikendredng@intel.com,Male,174.147.193.194
846,Mario,Fahrenbacher,mfahrenbachernh@sohu.com,Male,232.92.212.139
847,Lindsey,Llorens,lllorensni@patch.com,Male,40.16.240.71
848,Mikel,Tumielli,mtumiellinj@hostgator.com,Male,110.208.119.182
849,Karie,Klimentyonok,kklimentyonoknk@alibaba.com,Female,28.176.81.157
850,Sonny,Sheppey,ssheppeynl@opensource.org,Female,163.6.175.26
851,Myrah,Quesne,mquesnenm@sakura.ne.jp,Female,7.162.13.233
852,Godart,Foggarty,gfoggartynn@live.com,Male,143.172.217.116
853,Lynette,MacDougal,lmacdougalno@unblog.fr,Female,240.215.186.180
854,Idalina,Iorns,iiornsnp@china.com.cn,Female,255.248.77.3
855,Keriann,Pischoff,kpischoffnq@fastcompany.com,Female,240.233.230.128
856,Kimberly,Ughi,kughinr@odnoklassniki.ru,Female,202.252.121.229
857,Sharyl,Ardling,sardlingns@github.io,Female,174.204.70.35
858,Levi,Caroli,lcarolint@discuz.net,Male,95.91.80.212
859,Inna,Jonuzi,ijonuzinu@shinystat.com,Female,63.75.176.248
860,Alene,Salla,asallanv@chron.com,Female,210.86.249.224
861,Marco,Laurisch,mlaurischnw@army.mil,Male,130.45.117.24
862,Corette,Dahle,cdahlenx@economist.com,Female,204.241.123.172
863,Sherry,Prandin,sprandinny@prweb.com,Female,164.14.58.245
864,Veriee,Borth,vborthnz@wordpress.org,Female,66.214.58.107
865,Marline,Loads,mloadso0@boston.com,Female,26.36.96.111
866,Hurleigh,Garrud,hgarrudo1@icq.com,Male,220.143.191.185
867,Rabbi,Fettiplace,rfettiplaceo2@twitpic.com,Male,100.3.249.211
868,Devin,Olivera,doliverao3@thetimes.co.uk,Male,238.64.34.157
869,Craig,Oatley,coatleyo4@networksolutions.com,Male,76.90.183.239
870,Deanna,Blench,dblencho5@tiny.cc,Female,190.74.52.124
871,Benny,Magog,bmagogo6@networkadvertising.org,Female,188.144.121.41
872,Sybille,Baugh,sbaugho7@apache.org,Female,93.48.235.4
873,Jo ann,Fagence,jfagenceo8@gnu.org,Female,181.138.31.47
874,Clerkclaude,Prescote,cprescoteo9@youku.com,Male,169.243.54.157
875,Rea,Grece,rgreceoa@slideshare.net,Female,42.182.34.150
876,Ogdon,Witherden,owitherdenob@craigslist.org,Male,205.208.205.238
877,Elbertine,Naylor,enayloroc@google.de,Female,194.91.43.23
878,Abie,Borgne,aborgneod@comcast.net,Male,1.195.211.145
879,Salem,Rove,sroveoe@jigsy.com,Male,59.94.32.86
880,Korey,Dolley,kdolleyof@about.me,Male,206.2.151.77
881,Ransom,Dunleavy,rdunleavyog@kickstarter.com,Male,15.3.77.194
882,Loydie,Posnett,lposnettoh@fc2.com,Male,137.253.11.79
883,Starr,Yakovlev,syakovlevoi@wp.com,Female,192.96.63.128
884,Stephanus,Niche,snicheoj@tmall.com,Male,246.210.189.12
885,Perla,Toffolo,ptoffolook@mayoclinic.com,Female,161.19.247.58
886,Batholomew,McKissack,bmckissackol@cloudflare.com,Male,130.176.246.121
887,Cullin,Marchington,cmarchingtonom@plala.or.jp,Male,130.1.13.85
888,Lucho,Vaughn,lvaughnon@tuttocitta.it,Male,80.153.133.171
889,Fonz,Donke,fdonkeoo@wiley.com,Male,216.179.72.12
890,Andie,Cowderay,acowderayop@topsy.com,Female,35.156.33.66
891,Ashley,Gregg,agreggoq@paginegialle.it,Female,56.93.8.59
892,Kristen,Strelitz,kstrelitzor@simplemachines.org,Female,64.255.114.40
893,Lenci,Durrand,ldurrandos@ucoz.ru,Male,215.29.206.132
894,Maryellen,Craney,mcraneyot@ebay.com,Female,163.76.161.95
895,Angelo,Darrigoe,adarrigoeou@google.pl,Male,35.88.87.140
896,Stu,Matskiv,smatskivov@chicagotribune.com,Male,178.91.78.200
897,Niven,Garfath,ngarfathow@bluehost.com,Male,137.140.46.125
898,Talya,Minter,tminterox@prweb.com,Female,82.116.29.71
899,Marlie,MacKegg,mmackeggoy@indiegogo.com,Female,87.23.120.9
900,Guilbert,Guyan,gguyanoz@a8.net,Male,176.129.107.160
901,Quill,Gossage,qgossagep0@abc.net.au,Male,130.74.238.138
902,Erinn,Marriner,emarrinerp1@nifty.com,Genderqueer,93.73.34.58
903,Delphine,Marthen,dmarthenp2@thetimes.co.uk,Female,148.104.107.60
904,Lemuel,Bedinn,lbedinnp3@amazon.de,Male,69.186.210.120
905,Jesse,Kalinsky,jkalinskyp4@google.ru,Male,62.4.144.75
906,Arni,Hamflett,ahamflettp5@jigsy.com,Male,54.99.37.72
907,Karoly,Block,kblockp6@51.la,Male,181.120.29.114
908,Yanaton,Jodrellec,yjodrellecp7@sitemeter.com,Male,138.106.65.31
909,Di,Fabri,dfabrip8@chron.com,Female,58.157.185.239
910,Glynn,Merdew,gmerdewp9@cbsnews.com,Bigender,90.96.74.196
911,Abby,Girth,agirthpa@opensource.org,Male,78.155.40.220
912,Mignonne,Ashbe,mashbepb@rakuten.co.jp,Female,238.34.153.115
913,Desirae,Northway,dnorthwaypc@prlog.org,Female,248.142.49.88
914,Shepherd,Rosone,srosonepd@examiner.com,Male,51.62.255.175
915,Wini,Linder,wlinderpe@google.com.br,Female,70.30.41.173
916,Raviv,Bainton,rbaintonpf@sfgate.com,Genderqueer,194.79.16.108
917,Brien,De Ruel,bderuelpg@sbwire.com,Male,116.215.132.122
918,Lonee,Jimpson,ljimpsonph@1und1.de,Female,60.118.42.20
919,Pascal,Emmanuel,pemmanuelpi@ox.ac.uk,Male,89.55.156.25
920,Devlin,Bellocht,dbellochtpj@salon.com,Male,15.176.37.166
921,Ward,Gartery,wgarterypk@nps.gov,Male,39.18.182.56
922,Muffin,Saltern,msalternpl@histats.com,Male,246.227.64.2
923,Deena,Handrok,dhandrokpm@amazon.com,Female,223.13.40.125
924,Charline,Pretor,cpretorpn@chron.com,Non-binary,173.97.96.104
925,Rafaelita,Rasher,rrasherpo@drupal.org,Female,209.204.40.201
926,Morna,Lintill,mlintillpp@wp.com,Female,79.22.128.48
927,Monica,Barnby,mbarnbypq@exblog.jp,Female,164.147.227.37
928,Mischa,Turfitt,mturfittpr@myspace.com,Genderfluid,168.150.44.204
929,Amelia,Reaney,areaneyps@jalbum.net,Female,166.151.22.161
930,Lockwood,Schroeder,lschroederpt@netvibes.com,Genderqueer,5.223.140.31
931,Patty,Petranek,ppetranekpu@google.de,Female,141.204.45.72
932,Jermain,Paridge,jparidgepv@toplist.cz,Male,97.50.178.233
933,Chrissie,Boaler,cboalerpw@adobe.com,Female,230.119.67.209
934,Evelin,Tassell,etassellpx@geocities.com,Male,60.162.222.8
935,Marje,Oblein,mobleinpy@delicious.com,Female,237.193.80.180
936,Caroline,Maberley,cmaberleypz@symantec.com,Female,194.3.126.197
937,Julianna,Blas,jblasq0@smugmug.com,Female,65.80.231.167
938,Betteann,Jiranek,bjiranekq1@utexas.edu,Female,203.178.73.248
939,Grantham,Quig,gquigq2@google.ca,Male,78.106.184.4
940,Emory,Cowdery,ecowderyq3@dmoz.org,Male,226.112.177.53
941,Case,Bingley,cbingleyq4@edublogs.org,Genderfluid,53.209.16.222
942,Britney,Winfred,bwinfredq5@unc.edu,Female,242.23.41.218
943,Flin,Tyne,ftyneq6@independent.co.uk,Male,244.8.74.128
944,Dione,Keunemann,dkeunemannq7@amazon.com,Female,104.220.255.108
945,Monroe,Dahlgren,mdahlgrenq8@msn.com,Male,195.224.244.151
946,Chen,Marquese,cmarqueseq9@walmart.com,Male,155.88.208.101
947,August,Charters,achartersqa@shareasale.com,Male,122.216.68.10
948,Andria,Esley,aesleyqb@wsj.com,Female,189.212.121.138
949,Dominique,Gebhardt,dgebhardtqc@seattletimes.com,Female,66.131.9.163
950,Ignaz,Lethley,ilethleyqd@macromedia.com,Male,248.146.177.188
951,Lazarus,Lacoste,llacosteqe@businessweek.com,Male,90.24.248.202
952,Janel,Van Ross,jvanrossqf@walmart.com,Female,187.97.54.13
953,Myra,Sandford,msandfordqg@gov.uk,Female,230.153.84.216
954,Marilin,Morshead,mmorsheadqh@smh.com.au,Female,89.120.47.5
955,Kevyn,Mullen,kmullenqi@posterous.com,Female,241.183.107.253
956,Guinna,Pegrum,gpegrumqj@sciencedaily.com,Female,23.68.118.25
957,Nonie,Bracchi,nbracchiqk@oracle.com,Polygender,115.229.67.67
958,Gregoor,Marskell,gmarskellql@parallels.com,Male,84.86.78.125
959,Sayer,Dissman,sdissmanqm@house.gov,Male,204.160.39.26
960,Ulberto,Emberson,uembersonqn@redcross.org,Male,74.215.227.29
961,Porty,Itzakovitz,pitzakovitzqo@tripadvisor.com,Male,134.1.94.27
962,Birgitta,Mervyn,bmervynqp@ibm.com,Female,125.139.6.181
963,El,MacCulloch,emaccullochqq@de.vu,Male,198.44.89.32
964,Dyann,Bridgestock,dbridgestockqr@springer.com,Female,51.87.62.233
965,Blancha,Flecknell,bflecknellqs@theglobeandmail.com,Female,14.11.255.227
966,Frasquito,Legendre,flegendreqt@hc360.com,Male,189.188.219.193
967,Sibylla,Yanne,syannequ@live.com,Female,58.222.229.14
968,Alvina,Coots,acootsqv@ustream.tv,Bigender,220.118.106.63
969,Jaimie,Daugherty,jdaughertyqw@cbc.ca,Male,185.220.194.15
970,Mercy,Mates,mmatesqx@cornell.edu,Polygender,80.235.17.215
971,Jerrine,Bremen,jbremenqy@ustream.tv,Female,210.89.45.231
972,Fabiano,Shorten,fshortenqz@hao123.com,Male,190.74.39.130
973,Leonid,Postles,lpostlesr0@chicagotribune.com,Male,217.43.218.9
974,Angelina,Halt,ahaltr1@ehow.com,Female,74.21.83.24
975,Paolina,Brou,pbrour2@w3.org,Female,138.221.171.173
976,Denys,Barrand,dbarrandr3@yahoo.co.jp,Female,227.149.75.65
977,Keith,Kassel,kkasselr4@quantcast.com,Male,177.225.82.245
978,Webster,Bediss,wbedissr5@skyrock.com,Male,131.178.137.96
979,Linoel,Graham,lgrahamr6@yellowbook.com,Male,53.6.51.251
980,Valene,Tarver,vtarverr7@bigcartel.com,Female,217.64.50.36
981,Adiana,Staner,astanerr8@posterous.com,Female,155.134.231.55
982,Herold,Le Floch,hleflochr9@huffingtonpost.com,Bigender,60.149.251.124
983,Kerri,Babinski,kbabinskira@wikimedia.org,Female,2.39.114.176
984,Alta,Carty,acartyrb@mozilla.org,Female,218.229.204.98
985,Betti,Clayborn,bclaybornrc@imageshack.us,Female,58.107.133.75
986,Florinda,Faro,ffarord@amazon.co.jp,Non-binary,126.34.30.49
987,Marion,McKevany,mmckevanyre@forbes.com,Female,198.173.97.88
988,Lionel,Aldis,laldisrf@arizona.edu,Male,43.133.32.250
989,Killian,McParlin,kmcparlinrg@google.ca,Male,231.145.58.138
990,Bel,Baskerfield,bbaskerfieldrh@hexun.com,Female,92.25.54.225
991,Jammie,Giotto,jgiottori@com.com,Agender,186.86.236.70
992,Carissa,Pavelin,cpavelinrj@mayoclinic.com,Female,114.240.57.86
993,Charlotta,Gillmor,cgillmorrk@state.tx.us,Non-binary,165.213.166.188
994,Alden,Goose,agooserl@bloomberg.com,Male,199.123.177.82
995,Diana,Courtman,dcourtmanrm@amazon.com,Female,231.30.43.88
996,Adham,Mayze,amayzern@umn.edu,Male,117.90.45.164
997,Marne,Smardon,msmardonro@google.es,Female,191.188.195.165
998,Sophey,MacDavitt,smacdavittrp@google.co.uk,Female,26.155.234.154
999,Rudolf,Cox,rcoxrq@reddit.com,Male,164.38.180.153
1000,Kelli,Trowsdale,ktrowsdalerr@cmu.edu,Female,174.19.10.189
